﻿<?xml version="1.0" encoding="UTF-8" standalone="yes"?>
<addon id="hydra.repo" name="[B][COLOR red]Hydra repository[/COLOR][/B]" version="1.9.0" provider-name="zoreu">
	<extension point="xbmc.addon.repository" name="Hydra Repository">
		<info compressed="false">http://raw.github.com/zoreu/hydrakodi/master/addons.xml</info>
		<checksum>http://raw.github.com/zoreu/hydrakodi/master/addons.xml.md5</checksum>
		<datadir zip="true">http://raw.github.com/zoreu/hydrakodi/master/addons/</datadir>
	</extension>
	<extension point="xbmc.addon.metadata">
		<summary>Hydra Repository</summary>
		<description>Hydra for Kodi</description>
		<disclaimer></disclaimer>
		<platform>all</platform>
	</extension>
</addon>