<?xml version="1.0" encoding="UTF-8" standalone="yes"?>
<addon id="plugin.video.OnePlay"
       name="[COLOR aquamarine][B]ONE[/COLOR][COLOR white]PLAY[/B][/COLOR]"
       version="2.8.9"
       provider-name="Equipe OnePlay">
  <requires>
    <import addon="xbmc.python" version="2.1.0"/>
    <import addon="script.module.beautifulsoup" version="3.2.1"/>
    <import addon="script.module.simple.downloader" version="0.9.4"/>
    <import addon="script.module.beautifulsoup4" />
    <import addon="script.module.requests" />
    <import addon="script.module.httplib2" />
    <import addon="script.module.urlresolver"/>
    <import addon="script.module.simplejson" />
  </requires>
  <extension point="xbmc.python.pluginsource" library="basedem.py">
    <provides>video</provides>
  </extension>
    <extension point="xbmc.addon.repository" name="[B][COLOR white]Repositorio[/COLOR]: [COLOR aquamarine]OnePlay[/COLOR][/B]">
	<info compressed="false">http://raw.githubusercontent.com/OnePlayHD/OneRepo/master/addons.xml</info>
	<checksum>http://raw.githubusercontent.com/OnePlayHD/OneRepo/master/addons.xml.md5</checksum>
	<datadir zip="true">http://raw.githubusercontent.com/OnePlayHD/OneRepo/master/ZipFiles/</datadir>
  </extension>
  <extension point="xbmc.addon.metadata">
    <summary lang="en">[COLOR aquamarine]OnePlay[/COLOR] É Um Plugin de vídeo para o KODI que agrega Links de reprodução de Vídeos de vários tipos, semelhante a Netflix.</summary>
    <description lang="en">[B][COLOR white][COLOR lime]*[/COLOR]TV, [COLOR lime]*[/COLOR]Filmes, [COLOR lime]*[/COLOR]Series, [COLOR lime]*[/COLOR]Desenhos, [COLOR lime]*[/COLOR]Animes, [COLOR lime]*[/COLOR]Tokusatsu, [COLOR lime]*[/COLOR]Novelas. 
 Levando o lazer e o prazer Para vocês assistir e curtir cada momento com a família e amigos.[/COLOR][/B]</description>
    <platform>all</platform>
	<assets>
<icon>icon.png</icon>
<fanart>fanart.jpg</fanart>
<screenshot>resources/screenshots/1.jpg</screenshot>
<screenshot>resources/screenshots/2.jpg</screenshot>
<screenshot>resources/screenshots/3.jpg</screenshot>
</assets>
  </extension>
</addon>
